{"train_data_r2_score": 0.9196996090884784, "test_data_r2_score": 0.8368229954588733, "test_data_mae": 1155.0049946179415, "test_data_mse": 3402285.643201629}